SQL> CREATE TABLE EMPLOYEE AS SELECT * FROM EMP;

Table created.

SQL> SELECT * FROM TAB;

TNAME                          TABTYPE  CLUSTERID                                                                                                                                                                                                                                                                                                                                                                                                                                                                                                                                                                                                                                                                                                                                                                                                                                                                                                                                                                                       
------------------------------ ------- ----------                                                                                                                                                                                                                                                                                                                                                                                                                                                                                                                                                                                                                                                                                                                                                                                                                                                                                                                                                                                       
DEPT                           TABLE                                                                                                                                                                                                                                                                                                                                                                                                                                                                                                                                                                                                                                                                                                                                                                                                                                                                                                                                                                                                    
EMP                            TABLE                                                                                                                                                                                                                                                                                                                                                                                                                                                                                                                                                                                                                                                                                                                                                                                                                                                                                                                                                                                                    
BONUS                          TABLE                                                                                                                                                                                                                                                                                                                                                                                                                                                                                                                                                                                                                                                                                                                                                                                                                                                                                                                                                                                                    
SALGRADE                       TABLE                                                                                                                                                                                                                                                                                                                                                                                                                                                                                                                                                                                                                                                                                                                                                                                                                                                                                                                                                                                                    
BIN$ykDSBcNXRzWLtfcrHTcAVA==$0 TABLE                                                                                                                                                                                                                                                                                                                                                                                                                                                                                                                                                                                                                                                                                                                                                                                                                                                                                                                                                                                                    
BIN$QXrVtabZS9GBMzDnJVdq2A==$0 TABLE                                                                                                                                                                                                                                                                                                                                                                                                                                                                                                                                                                                                                                                                                                                                                                                                                                                                                                                                                                                                    
EMPLOYEE                       TABLE                                                                                                                                                                                                                                                                                                                                                                                                                                                                                                                                                                                                                                                                                                                                                                                                                                                                                                                                                                                                    

7 rows selected.

SQL> UPDATE EMP
  2  SET SAL=2000
  3  WHERE ENAME='SMITH';

1 row updated.

SQL> SELECT * FROM EMP;

     EMPNO ENAME      JOB              MGR HIREDATE         SAL       COMM     DEPTNO                                                                                                                                                                                                                                                                                                                                                                                                                                                                                                                                                                                                                                                                                                                                                                                                                                                                                                                                                   
---------- ---------- --------- ---------- --------- ---------- ---------- ----------                                                                                                                                                                                                                                                                                                                                                                                                                                                                                                                                                                                                                                                                                                                                                                                                                                                                                                                                                   
      7369 SMITH      CLERK           7902 17-DEC-80       2000                    20                                                                                                                                                                                                                                                                                                                                                                                                                                                                                                                                                                                                                                                                                                                                                                                                                                                                                                                                                   
      7499 ALLEN      SALESMAN        7698 20-FEB-81       1600        300         30                                                                                                                                                                                                                                                                                                                                                                                                                                                                                                                                                                                                                                                                                                                                                                                                                                                                                                                                                   
      7521 WARD       SALESMAN        7698 22-FEB-81       1250        500         30                                                                                                                                                                                                                                                                                                                                                                                                                                                                                                                                                                                                                                                                                                                                                                                                                                                                                                                                                   
      7566 JONES      MANAGER         7839 02-APR-81       2975                    20                                                                                                                                                                                                                                                                                                                                                                                                                                                                                                                                                                                                                                                                                                                                                                                                                                                                                                                                                   
      7654 MARTIN     SALESMAN        7698 28-SEP-81       1250       1400         30                                                                                                                                                                                                                                                                                                                                                                                                                                                                                                                                                                                                                                                                                                                                                                                                                                                                                                                                                   
      7698 BLAKE      MANAGER         7839 01-MAY-81       2850                    30                                                                                                                                                                                                                                                                                                                                                                                                                                                                                                                                                                                                                                                                                                                                                                                                                                                                                                                                                   
      7782 CLARK      MANAGER         7839 09-JUN-81       2450                    10                                                                                                                                                                                                                                                                                                                                                                                                                                                                                                                                                                                                                                                                                                                                                                                                                                                                                                                                                   
      7788 SCOTT      ANALYST         7566 19-APR-87       3000                    20                                                                                                                                                                                                                                                                                                                                                                                                                                                                                                                                                                                                                                                                                                                                                                                                                                                                                                                                                   
      7839 KING       PRESIDENT            17-NOV-81       5000                    10                                                                                                                                                                                                                                                                                                                                                                                                                                                                                                                                                                                                                                                                                                                                                                                                                                                                                                                                                   
      7844 TURNER     SALESMAN        7698 08-SEP-81       1500          0         30                                                                                                                                                                                                                                                                                                                                                                                                                                                                                                                                                                                                                                                                                                                                                                                                                                                                                                                                                   
      7876 ADAMS      CLERK           7788 23-MAY-87       1100                    20                                                                                                                                                                                                                                                                                                                                                                                                                                                                                                                                                                                                                                                                                                                                                                                                                                                                                                                                                   
      7900 JAMES      CLERK           7698 03-DEC-81        950                    30                                                                                                                                                                                                                                                                                                                                                                                                                                                                                                                                                                                                                                                                                                                                                                                                                                                                                                                                                   
      7902 FORD       ANALYST         7566 03-DEC-81       3000                    20                                                                                                                                                                                                                                                                                                                                                                                                                                                                                                                                                                                                                                                                                                                                                                                                                                                                                                                                                   
      7934 MILLER     CLERK           7782 23-JAN-82       1300                    10                                                                                                                                                                                                                                                                                                                                                                                                                                                                                                                                                                                                                                                                                                                                                                                                                                                                                                                                                   

14 rows selected.

SQL> UPDATE EMP
  2  SET SAL=SAL*2
  3  WHERE ENAME='KING';

1 row updated.

SQL> SELECT * FROM EMP;

     EMPNO ENAME      JOB              MGR HIREDATE         SAL       COMM     DEPTNO                                                                                                                                                                                                                                                                                                                                                                                                                                                                                                                                                                                                                                                                                                                                                                                                                                                                                                                                                   
---------- ---------- --------- ---------- --------- ---------- ---------- ----------                                                                                                                                                                                                                                                                                                                                                                                                                                                                                                                                                                                                                                                                                                                                                                                                                                                                                                                                                   
      7369 SMITH      CLERK           7902 17-DEC-80       2000                    20                                                                                                                                                                                                                                                                                                                                                                                                                                                                                                                                                                                                                                                                                                                                                                                                                                                                                                                                                   
      7499 ALLEN      SALESMAN        7698 20-FEB-81       1600        300         30                                                                                                                                                                                                                                                                                                                                                                                                                                                                                                                                                                                                                                                                                                                                                                                                                                                                                                                                                   
      7521 WARD       SALESMAN        7698 22-FEB-81       1250        500         30                                                                                                                                                                                                                                                                                                                                                                                                                                                                                                                                                                                                                                                                                                                                                                                                                                                                                                                                                   
      7566 JONES      MANAGER         7839 02-APR-81       2975                    20                                                                                                                                                                                                                                                                                                                                                                                                                                                                                                                                                                                                                                                                                                                                                                                                                                                                                                                                                   
      7654 MARTIN     SALESMAN        7698 28-SEP-81       1250       1400         30                                                                                                                                                                                                                                                                                                                                                                                                                                                                                                                                                                                                                                                                                                                                                                                                                                                                                                                                                   
      7698 BLAKE      MANAGER         7839 01-MAY-81       2850                    30                                                                                                                                                                                                                                                                                                                                                                                                                                                                                                                                                                                                                                                                                                                                                                                                                                                                                                                                                   
      7782 CLARK      MANAGER         7839 09-JUN-81       2450                    10                                                                                                                                                                                                                                                                                                                                                                                                                                                                                                                                                                                                                                                                                                                                                                                                                                                                                                                                                   
      7788 SCOTT      ANALYST         7566 19-APR-87       3000                    20                                                                                                                                                                                                                                                                                                                                                                                                                                                                                                                                                                                                                                                                                                                                                                                                                                                                                                                                                   
      7839 KING       PRESIDENT            17-NOV-81      10000                    10                                                                                                                                                                                                                                                                                                                                                                                                                                                                                                                                                                                                                                                                                                                                                                                                                                                                                                                                                   
      7844 TURNER     SALESMAN        7698 08-SEP-81       1500          0         30                                                                                                                                                                                                                                                                                                                                                                                                                                                                                                                                                                                                                                                                                                                                                                                                                                                                                                                                                   
      7876 ADAMS      CLERK           7788 23-MAY-87       1100                    20                                                                                                                                                                                                                                                                                                                                                                                                                                                                                                                                                                                                                                                                                                                                                                                                                                                                                                                                                   
      7900 JAMES      CLERK           7698 03-DEC-81        950                    30                                                                                                                                                                                                                                                                                                                                                                                                                                                                                                                                                                                                                                                                                                                                                                                                                                                                                                                                                   
      7902 FORD       ANALYST         7566 03-DEC-81       3000                    20                                                                                                                                                                                                                                                                                                                                                                                                                                                                                                                                                                                                                                                                                                                                                                                                                                                                                                                                                   
      7934 MILLER     CLERK           7782 23-JAN-82       1300                    10                                                                                                                                                                                                                                                                                                                                                                                                                                                                                                                                                                                                                                                                                                                                                                                                                                                                                                                                                   

14 rows selected.

SQL> CREATE TABLE STUDENT
  2  {
  3   STUDENT_ID NUMBER(10
  4  );
{
*
ERROR at line 2:
ORA-00911: invalid character 


SQL> CREATE TABLE STUDENT
  2  {
  3   STUDENT_ID NUMBER(10),
  4   STUDENT_NAME VARCHAR2(15),
  5   BRANCH VARCHAR2(10),,
  6   PERCENTAGE NUMBER(10),
  7   NO_OF_BACKLOGS NUMBER(2)
  8  };
{
*
ERROR at line 2:
ORA-00911: invalid character 


SQL> ED
Wrote file afiedt.buf

  1  CREATE TABLE STUDENT
  2  {
  3   STUDENT_ID NUMBER(10),
  4   STUDENT_NAME VARCHAR2(15),
  5   BRANCH VARCHAR2(10),
  6   PERCENTAGE NUMBER(10),
  7   NO_OF_BACKLOGS NUMBER(2)
  8* }
SQL> /
{
*
ERROR at line 2:
ORA-00911: invalid character 


SQL> ED
Wrote file afiedt.buf

  1  CREATE TABLE STUDENT
  2  (
  3   STUDENT_ID NUMBER(10),
  4   STUDENT_NAME VARCHAR2(15),
  5   BRANCH VARCHAR2(10),
  6   PERCENTAGE NUMBER(10),
  7   NO_OF_BACKLOGS NUMBER(2)
  8* )
SQL> /

Table created.

SQL> DELETE ENAME
  2  FROM EMP
  3  WHERE ENAME LIKE 'S%';
FROM EMP
*
ERROR at line 2:
ORA-00933: SQL command not properly ended 


SQL> ED
Wrote file afiedt.buf

  1  DELETE
  2  FROM EMP
  3* WHERE ENAME LIKE 'S%'
SQL> /

2 rows deleted.

SQL> SELECT *FROM EMP;

     EMPNO ENAME      JOB              MGR HIREDATE         SAL       COMM     DEPTNO                                                                                                                                                                                                                                                                                                                                                                                                                                                                                                                                                                                                                                                                                                                                                                                                                                                                                                                                                   
---------- ---------- --------- ---------- --------- ---------- ---------- ----------                                                                                                                                                                                                                                                                                                                                                                                                                                                                                                                                                                                                                                                                                                                                                                                                                                                                                                                                                   
      7499 ALLEN      SALESMAN        7698 20-FEB-81       1600        300         30                                                                                                                                                                                                                                                                                                                                                                                                                                                                                                                                                                                                                                                                                                                                                                                                                                                                                                                                                   
      7521 WARD       SALESMAN        7698 22-FEB-81       1250        500         30                                                                                                                                                                                                                                                                                                                                                                                                                                                                                                                                                                                                                                                                                                                                                                                                                                                                                                                                                   
      7566 JONES      MANAGER         7839 02-APR-81       2975                    20                                                                                                                                                                                                                                                                                                                                                                                                                                                                                                                                                                                                                                                                                                                                                                                                                                                                                                                                                   
      7654 MARTIN     SALESMAN        7698 28-SEP-81       1250       1400         30                                                                                                                                                                                                                                                                                                                                                                                                                                                                                                                                                                                                                                                                                                                                                                                                                                                                                                                                                   
      7698 BLAKE      MANAGER         7839 01-MAY-81       2850                    30                                                                                                                                                                                                                                                                                                                                                                                                                                                                                                                                                                                                                                                                                                                                                                                                                                                                                                                                                   
      7782 CLARK      MANAGER         7839 09-JUN-81       2450                    10                                                                                                                                                                                                                                                                                                                                                                                                                                                                                                                                                                                                                                                                                                                                                                                                                                                                                                                                                   
      7839 KING       PRESIDENT            17-NOV-81      10000                    10                                                                                                                                                                                                                                                                                                                                                                                                                                                                                                                                                                                                                                                                                                                                                                                                                                                                                                                                                   
      7844 TURNER     SALESMAN        7698 08-SEP-81       1500          0         30                                                                                                                                                                                                                                                                                                                                                                                                                                                                                                                                                                                                                                                                                                                                                                                                                                                                                                                                                   
      7876 ADAMS      CLERK           7788 23-MAY-87       1100                    20                                                                                                                                                                                                                                                                                                                                                                                                                                                                                                                                                                                                                                                                                                                                                                                                                                                                                                                                                   
      7900 JAMES      CLERK           7698 03-DEC-81        950                    30                                                                                                                                                                                                                                                                                                                                                                                                                                                                                                                                                                                                                                                                                                                                                                                                                                                                                                                                                   
      7902 FORD       ANALYST         7566 03-DEC-81       3000                    20                                                                                                                                                                                                                                                                                                                                                                                                                                                                                                                                                                                                                                                                                                                                                                                                                                                                                                                                                   
      7934 MILLER     CLERK           7782 23-JAN-82       1300                    10                                                                                                                                                                                                                                                                                                                                                                                                                                                                                                                                                                                                                                                                                                                                                                                                                                                                                                                                                   

12 rows selected.

SQL> DELETE FROM EMP
  2  WHERE ENAME='ADAMS';

1 row deleted.

SQL> SELECT * FROM EMP;

     EMPNO ENAME      JOB              MGR HIREDATE         SAL       COMM     DEPTNO                                                                                                                                                                                                                                                                                                                                                                                                                                                                                                                                                                                                                                                                                                                                                                                                                                                                                                                                                   
---------- ---------- --------- ---------- --------- ---------- ---------- ----------                                                                                                                                                                                                                                                                                                                                                                                                                                                                                                                                                                                                                                                                                                                                                                                                                                                                                                                                                   
      7499 ALLEN      SALESMAN        7698 20-FEB-81       1600        300         30                                                                                                                                                                                                                                                                                                                                                                                                                                                                                                                                                                                                                                                                                                                                                                                                                                                                                                                                                   
      7521 WARD       SALESMAN        7698 22-FEB-81       1250        500         30                                                                                                                                                                                                                                                                                                                                                                                                                                                                                                                                                                                                                                                                                                                                                                                                                                                                                                                                                   
      7566 JONES      MANAGER         7839 02-APR-81       2975                    20                                                                                                                                                                                                                                                                                                                                                                                                                                                                                                                                                                                                                                                                                                                                                                                                                                                                                                                                                   
      7654 MARTIN     SALESMAN        7698 28-SEP-81       1250       1400         30                                                                                                                                                                                                                                                                                                                                                                                                                                                                                                                                                                                                                                                                                                                                                                                                                                                                                                                                                   
      7698 BLAKE      MANAGER         7839 01-MAY-81       2850                    30                                                                                                                                                                                                                                                                                                                                                                                                                                                                                                                                                                                                                                                                                                                                                                                                                                                                                                                                                   
      7782 CLARK      MANAGER         7839 09-JUN-81       2450                    10                                                                                                                                                                                                                                                                                                                                                                                                                                                                                                                                                                                                                                                                                                                                                                                                                                                                                                                                                   
      7839 KING       PRESIDENT            17-NOV-81      10000                    10                                                                                                                                                                                                                                                                                                                                                                                                                                                                                                                                                                                                                                                                                                                                                                                                                                                                                                                                                   
      7844 TURNER     SALESMAN        7698 08-SEP-81       1500          0         30                                                                                                                                                                                                                                                                                                                                                                                                                                                                                                                                                                                                                                                                                                                                                                                                                                                                                                                                                   
      7900 JAMES      CLERK           7698 03-DEC-81        950                    30                                                                                                                                                                                                                                                                                                                                                                                                                                                                                                                                                                                                                                                                                                                                                                                                                                                                                                                                                   
      7902 FORD       ANALYST         7566 03-DEC-81       3000                    20                                                                                                                                                                                                                                                                                                                                                                                                                                                                                                                                                                                                                                                                                                                                                                                                                                                                                                                                                   
      7934 MILLER     CLERK           7782 23-JAN-82       1300                    10                                                                                                                                                                                                                                                                                                                                                                                                                                                                                                                                                                                                                                                                                                                                                                                                                                                                                                                                                   

11 rows selected.

SQL> UPDATE EMP
  2  SET SAL=3550
  3  WHERE DEPTNO IN(SELECT DEPTNO
  4                  FROM DEPT
  5                  WHERE LOC='NEW YORK');

3 rows updated.

SQL> 
SQL> CREATE TABLE LIBRARY
  2  (
  3   BOOK_NO VARCHAR2(5),
  4   BOOK_NAME VARCHAR2(20),
  5   AUTHOR VARCHAR2(15),
  6   PUBLISHED_ON DATE
  7  );

Table created.

SQL> INSERT INTO LIBRARY VALUES('E01','A PLACE CALLED HOME','PREETI SHENOY','01/5/2022');
INSERT INTO LIBRARY VALUES('E01','A PLACE CALLED HOME','PREETI SHENOY','01/5/2022')
                                                                       *
ERROR at line 1:
ORA-01843: not a valid month 


SQL> ED
Wrote file afiedt.buf

  1* INSERT INTO LIBRARY VALUES('E01','A PLACE CALLED HOME','PREETI SHENOY','01/05/2022')
SQL> /
INSERT INTO LIBRARY VALUES('E01','A PLACE CALLED HOME','PREETI SHENOY','01/05/2022')
                                                                       *
ERROR at line 1:
ORA-01843: not a valid month 


SQL> ED
Wrote file afiedt.buf

  1* INSERT INTO LIBRARY VALUES('E01','A PLACE CALLED HOME','PREETI SHENOY','01-MAY-2022')
SQL> /

1 row created.

SQL> ED
Wrote file afiedt.buf

  1* INSERT INTO LIBRARY VALUES('SS4','HEAR YOURSELF','PREM RAWAT','21-JUN-2022')
SQL> /

1 row created.

SQL> ED
Wrote file afiedt.buf

  1* INSERT INTO LIBRARY VALUES('T105','GOLDEN BOY NEERAJ CHOPRA','NAVDEEP SINGH GILL','10-JAN-2022')
SQL> /
INSERT INTO LIBRARY VALUES('T105','GOLDEN BOY NEERAJ CHOPRA','NAVDEEP SINGH GILL','10-JAN-2022')
                                  *
ERROR at line 1:
ORA-12899: value too large for column "SCOTT"."LIBRARY"."BOOK_NAME" (actual: 24, maximum: 20) 


SQL> ED
Wrote file afiedt.buf

  1* INSERT INTO LIBRARY VALUES('A50','LET US DREAM','POPE FRANCIS','10-JAN-2020')
SQL> /

1 row created.

SQL> ED
Wrote file afiedt.buf

  1* INSERT INTO LIBRARY VALUES('VD02','IN A FREE STATE','VS NAIPAUL','15-APR-2018')
SQL> /

1 row created.

SQL> ED
Wrote file afiedt.buf

  1* INSERT INTO LIBRARY VALUES('Y01','MY JOURNEY','DR. APJ ABDUL KALAM','20-AUG-2019')
SQL> /
INSERT INTO LIBRARY VALUES('Y01','MY JOURNEY','DR. APJ ABDUL KALAM','20-AUG-2019')
                                              *
ERROR at line 1:
ORA-12899: value too large for column "SCOTT"."LIBRARY"."AUTHOR" (actual: 19, maximum: 15) 


SQL> ED
Wrote file afiedt.buf

  1* INSERT INTO LIBRARY VALUES('Y01','MY JOURNEY','DR. APJ ABDUL KALAM','20-AUG-2019')
SQL> /
INSERT INTO LIBRARY VALUES('Y01','MY JOURNEY','DR. APJ ABDUL KALAM','20-AUG-2019')
                                              *
ERROR at line 1:
ORA-12899: value too large for column "SCOTT"."LIBRARY"."AUTHOR" (actual: 19, maximum: 15) 


SQL> ED
Wrote file afiedt.buf

  1* INSERT INTO LIBRARY VALUES('Y01','MY JOURNEY','DR.APJ ABDULKALAM','20-AUG-2019')
SQL> /
INSERT INTO LIBRARY VALUES('Y01','MY JOURNEY','DR.APJ ABDULKALAM','20-AUG-2019')
                                              *
ERROR at line 1:
ORA-12899: value too large for column "SCOTT"."LIBRARY"."AUTHOR" (actual: 17, maximum: 15) 


SQL> ED
Wrote file afiedt.buf

  1* INSERT INTO LIBRARY VALUES('LP15','GAME CHANGER','SHAHID AFRIDI','28-FEB-2019')
SQL> /

1 row created.

SQL> SELECT * FROM LIBRARY;

BOOK_ BOOK_NAME            AUTHOR          PUBLISHED                                                                                                                                                                                                                                                                                                                                                                                                                                                                                                                                                                                                                                                                                                                                                                                                                                                                                                                                                                                    
----- -------------------- --------------- ---------                                                                                                                                                                                                                                                                                                                                                                                                                                                                                                                                                                                                                                                                                                                                                                                                                                                                                                                                                                                    
E01   A PLACE CALLED HOME  PREETI SHENOY   01-MAY-22                                                                                                                                                                                                                                                                                                                                                                                                                                                                                                                                                                                                                                                                                                                                                                                                                                                                                                                                                                                    
SS4   HEAR YOURSELF        PREM RAWAT      21-JUN-22                                                                                                                                                                                                                                                                                                                                                                                                                                                                                                                                                                                                                                                                                                                                                                                                                                                                                                                                                                                    
A50   LET US DREAM         POPE FRANCIS    10-JAN-20                                                                                                                                                                                                                                                                                                                                                                                                                                                                                                                                                                                                                                                                                                                                                                                                                                                                                                                                                                                    
VD02  IN A FREE STATE      VS NAIPAUL      15-APR-18                                                                                                                                                                                                                                                                                                                                                                                                                                                                                                                                                                                                                                                                                                                                                                                                                                                                                                                                                                                    
LP15  GAME CHANGER         SHAHID AFRIDI   28-FEB-19                                                                                                                                                                                                                                                                                                                                                                                                                                                                                                                                                                                                                                                                                                                                                                                                                                                                                                                                                                                    

SQL> ALTER TABLE STUDENT
  2  ADD CONSTRAINT PK1 PRIMARY KEY (STUDENT_ID);

Table altered.

SQL> ALTER TABLE LIBRARY
  2  ADD STUDENT_ID VARCHAR(30);

Table altered.

SQL> ALTER TABLE LIBRARY
  2  ADD CONSTRAINT FK1 FOREIGN KEY(STUDENT_ID) REFERENCES STUDENT (STUDENT_ID);
ADD CONSTRAINT FK1 FOREIGN KEY(STUDENT_ID) REFERENCES STUDENT (STUDENT_ID)
                               *
ERROR at line 2:
ORA-02267: column type incompatible with referenced column type 


SQL> ED
Wrote file afiedt.buf

  1  ALTER TABLE LIBRARY
  2* ADD CONSTRAINT FK1 FOREIGN KEY (STUDENT_ID) REFERENCES STUDENT(STUDENT_ID)
SQL> /
ADD CONSTRAINT FK1 FOREIGN KEY (STUDENT_ID) REFERENCES STUDENT(STUDENT_ID)
                                *
ERROR at line 2:
ORA-02267: column type incompatible with referenced column type 


SQL> ALTER TABLE LIABRARY
  2  ADD STUDENT_ID NUMBER(10);
ALTER TABLE LIABRARY
*
ERROR at line 1:
ORA-00942: table or view does not exist 


SQL> ED
Wrote file afiedt.buf

  1  ALTER TABLE LIBRARY
  2* ADD STUDENT_ID NUMBER(10)
SQL> /
ADD STUDENT_ID NUMBER(10)
    *
ERROR at line 2:
ORA-01430: column being added already exists in table 


SQL> ALTER TABLE LIBRARY
  2  DROP COLUMN STUDENT_ID;

Table altered.

SQL> ALTER TABLE LIBRARY
  2  ADD STUDENT_ID NUMBER(10);

Table altered.

SQL> ALTER TABLE LIBRARY
  2  ADD CONSTRAINT FK1 FOREIGN KEY(STUDENT_ID) REFERENCES STUDENT(STUDENT_ID);

Table altered.

SQL> DESC STUDENT;
 Name                                                                                                                                                                                                                                                                                                                                                                                                                                                                                                                                                                                                              Null?    Type
 ----------------------------------------------------------------------------------------------------------------------------------------------------------------------------------------------------------------------------------------------------------------------------------------------------------------------------------------------------------------------------------------------------------------------------------------------------------------------------------------------------------------------------------------------------------------------------------------------------------------- -------- ------------------------------------------------------------------------------------------------------------------------------------------------------------------------------------------------------------------------------------------------------------------------------------------------------------------------------------------------------------------------------------------------------------
 STUDENT_ID                                                                                                                                                                                                                                                                                                                                                                                                                                                                                                                                                                                                        NOT NULL NUMBER(10)
 STUDENT_NAME                                                                                                                                                                                                                                                                                                                                                                                                                                                                                                                                                                                                               VARCHAR2(15)
 BRANCH                                                                                                                                                                                                                                                                                                                                                                                                                                                                                                                                                                                                                     VARCHAR2(10)
 PERCENTAGE                                                                                                                                                                                                                                                                                                                                                                                                                                                                                                                                                                                                                 NUMBER(10)
 NO_OF_BACKLOGS                                                                                                                                                                                                                                                                                                                                                                                                                                                                                                                                                                                                             NUMBER(2)

SQL> INSERT INTO STUDENT VALUES(10,'ABHISHEK VIBHUTE','COMMERCE',90.00,0);
INSERT INTO STUDENT VALUES(10,'ABHISHEK VIBHUTE','COMMERCE',90.00,0)
                              *
ERROR at line 1:
ORA-12899: value too large for column "SCOTT"."STUDENT"."STUDENT_NAME" (actual: 16, maximum: 15) 


SQL> ED
Wrote file afiedt.buf

  1* INSERT INTO STUDENT VALUES(10,'ABHISHEK V','COMMERCE',90.00,0)
SQL> /

1 row created.

SQL> ED
Wrote file afiedt.buf

  1* INSERT INTO STUDENT VALUES(80,'MADHAVI','SCIENCE',60.00,2)
SQL> /

1 row created.

SQL> ED
Wrote file afiedt.buf

  1* INSERT INTO STUDENT VALUES(9,'AARTI','ARTS',55.00,5)
SQL> /

1 row created.

SQL> ED
Wrote file afiedt.buf

  1* INSERT INTO STUDENT VALUES(100,'REVTI','ARTS',90.00,0)
SQL> /

1 row created.

SQL> SELECT * FROM STUDENT;

STUDENT_ID STUDENT_NAME    BRANCH     PERCENTAGE NO_OF_BACKLOGS                                                                                                                                                                                                                                                                                                                                                                                                                                                                                                                                                                                                                                                                                                                                                                                                                                                                                                                                                                         
---------- --------------- ---------- ---------- --------------                                                                                                                                                                                                                                                                                                                                                                                                                                                                                                                                                                                                                                                                                                                                                                                                                                                                                                                                                                         
        10 ABHISHEK V      COMMERCE           90              0                                                                                                                                                                                                                                                                                                                                                                                                                                                                                                                                                                                                                                                                                                                                                                                                                                                                                                                                                                         
        80 MADHAVI         SCIENCE            60              2                                                                                                                                                                                                                                                                                                                                                                                                                                                                                                                                                                                                                                                                                                                                                                                                                                                                                                                                                                         
         9 AARTI           ARTS               55              5                                                                                                                                                                                                                                                                                                                                                                                                                                                                                                                                                                                                                                                                                                                                                                                                                                                                                                                                                                         
       100 REVTI           ARTS               90              0                                                                                                                                                                                                                                                                                                                                                                                                                                                                                                                                                                                                                                                                                                                                                                                                                                                                                                                                                                         

SQL> UPDATE EMP
  2  SET COMM=300
  3  WHERE COMM IS NULL;

7 rows updated.

SQL> SELECT * FROM EMP;

     EMPNO ENAME      JOB              MGR HIREDATE         SAL       COMM     DEPTNO                                                                                                                                                                                                                                                                                                                                                                                                                                                                                                                                                                                                                                                                                                                                                                                                                                                                                                                                                   
---------- ---------- --------- ---------- --------- ---------- ---------- ----------                                                                                                                                                                                                                                                                                                                                                                                                                                                                                                                                                                                                                                                                                                                                                                                                                                                                                                                                                   
      7499 ALLEN      SALESMAN        7698 20-FEB-81       1600        300         30                                                                                                                                                                                                                                                                                                                                                                                                                                                                                                                                                                                                                                                                                                                                                                                                                                                                                                                                                   
      7521 WARD       SALESMAN        7698 22-FEB-81       1250        500         30                                                                                                                                                                                                                                                                                                                                                                                                                                                                                                                                                                                                                                                                                                                                                                                                                                                                                                                                                   
      7566 JONES      MANAGER         7839 02-APR-81       2975        300         20                                                                                                                                                                                                                                                                                                                                                                                                                                                                                                                                                                                                                                                                                                                                                                                                                                                                                                                                                   
      7654 MARTIN     SALESMAN        7698 28-SEP-81       1250       1400         30                                                                                                                                                                                                                                                                                                                                                                                                                                                                                                                                                                                                                                                                                                                                                                                                                                                                                                                                                   
      7698 BLAKE      MANAGER         7839 01-MAY-81       2850        300         30                                                                                                                                                                                                                                                                                                                                                                                                                                                                                                                                                                                                                                                                                                                                                                                                                                                                                                                                                   
      7782 CLARK      MANAGER         7839 09-JUN-81       3550        300         10                                                                                                                                                                                                                                                                                                                                                                                                                                                                                                                                                                                                                                                                                                                                                                                                                                                                                                                                                   
      7839 KING       PRESIDENT            17-NOV-81       3550        300         10                                                                                                                                                                                                                                                                                                                                                                                                                                                                                                                                                                                                                                                                                                                                                                                                                                                                                                                                                   
      7844 TURNER     SALESMAN        7698 08-SEP-81       1500          0         30                                                                                                                                                                                                                                                                                                                                                                                                                                                                                                                                                                                                                                                                                                                                                                                                                                                                                                                                                   
      7900 JAMES      CLERK           7698 03-DEC-81        950        300         30                                                                                                                                                                                                                                                                                                                                                                                                                                                                                                                                                                                                                                                                                                                                                                                                                                                                                                                                                   
      7902 FORD       ANALYST         7566 03-DEC-81       3000        300         20                                                                                                                                                                                                                                                                                                                                                                                                                                                                                                                                                                                                                                                                                                                                                                                                                                                                                                                                                   
      7934 MILLER     CLERK           7782 23-JAN-82       3550        300         10                                                                                                                                                                                                                                                                                                                                                                                                                                                                                                                                                                                                                                                                                                                                                                                                                                                                                                                                                   

11 rows selected.

SQL> UPDATE EMP
  2  SET SAL=SAL*0.20
  3  WHERE DEPTNO IN(SELECT DEPTNO
  4                  FROM DEPT
  5                  WHERE LOC='CHICAGO');

6 rows updated.

SQL> SELECT * FROM EMP;

     EMPNO ENAME      JOB              MGR HIREDATE         SAL       COMM     DEPTNO                                                                                                                                                                                                                                                                                                                                                                                                                                                                                                                                                                                                                                                                                                                                                                                                                                                                                                                                                   
---------- ---------- --------- ---------- --------- ---------- ---------- ----------                                                                                                                                                                                                                                                                                                                                                                                                                                                                                                                                                                                                                                                                                                                                                                                                                                                                                                                                                   
      7499 ALLEN      SALESMAN        7698 20-FEB-81        320        300         30                                                                                                                                                                                                                                                                                                                                                                                                                                                                                                                                                                                                                                                                                                                                                                                                                                                                                                                                                   
      7521 WARD       SALESMAN        7698 22-FEB-81        250        500         30                                                                                                                                                                                                                                                                                                                                                                                                                                                                                                                                                                                                                                                                                                                                                                                                                                                                                                                                                   
      7566 JONES      MANAGER         7839 02-APR-81       2975        300         20                                                                                                                                                                                                                                                                                                                                                                                                                                                                                                                                                                                                                                                                                                                                                                                                                                                                                                                                                   
      7654 MARTIN     SALESMAN        7698 28-SEP-81        250       1400         30                                                                                                                                                                                                                                                                                                                                                                                                                                                                                                                                                                                                                                                                                                                                                                                                                                                                                                                                                   
      7698 BLAKE      MANAGER         7839 01-MAY-81        570        300         30                                                                                                                                                                                                                                                                                                                                                                                                                                                                                                                                                                                                                                                                                                                                                                                                                                                                                                                                                   
      7782 CLARK      MANAGER         7839 09-JUN-81       3550        300         10                                                                                                                                                                                                                                                                                                                                                                                                                                                                                                                                                                                                                                                                                                                                                                                                                                                                                                                                                   
      7839 KING       PRESIDENT            17-NOV-81       3550        300         10                                                                                                                                                                                                                                                                                                                                                                                                                                                                                                                                                                                                                                                                                                                                                                                                                                                                                                                                                   
      7844 TURNER     SALESMAN        7698 08-SEP-81        300          0         30                                                                                                                                                                                                                                                                                                                                                                                                                                                                                                                                                                                                                                                                                                                                                                                                                                                                                                                                                   
      7900 JAMES      CLERK           7698 03-DEC-81        190        300         30                                                                                                                                                                                                                                                                                                                                                                                                                                                                                                                                                                                                                                                                                                                                                                                                                                                                                                                                                   
      7902 FORD       ANALYST         7566 03-DEC-81       3000        300         20                                                                                                                                                                                                                                                                                                                                                                                                                                                                                                                                                                                                                                                                                                                                                                                                                                                                                                                                                   
      7934 MILLER     CLERK           7782 23-JAN-82       3550        300         10                                                                                                                                                                                                                                                                                                                                                                                                                                                                                                                                                                                                                                                                                                                                                                                                                                                                                                                                                   

11 rows selected.

SQL> DELETE FROM EMP
  2  WHERE HIREDATE< '01-JAN-81';

0 rows deleted.

SQL> DESC EMP;
 Name                                                                                                                                                                                                                                                                                                                                                                                                                                                                                                                                                                                                              Null?    Type
 ----------------------------------------------------------------------------------------------------------------------------------------------------------------------------------------------------------------------------------------------------------------------------------------------------------------------------------------------------------------------------------------------------------------------------------------------------------------------------------------------------------------------------------------------------------------------------------------------------------------- -------- ------------------------------------------------------------------------------------------------------------------------------------------------------------------------------------------------------------------------------------------------------------------------------------------------------------------------------------------------------------------------------------------------------------
 EMPNO                                                                                                                                                                                                                                                                                                                                                                                                                                                                                                                                                                                                             NOT NULL NUMBER(4)
 ENAME                                                                                                                                                                                                                                                                                                                                                                                                                                                                                                                                                                                                                      VARCHAR2(10)
 JOB                                                                                                                                                                                                                                                                                                                                                                                                                                                                                                                                                                                                                        VARCHAR2(9)
 MGR                                                                                                                                                                                                                                                                                                                                                                                                                                                                                                                                                                                                                        NUMBER(4)
 HIREDATE                                                                                                                                                                                                                                                                                                                                                                                                                                                                                                                                                                                                                   DATE
 SAL                                                                                                                                                                                                                                                                                                                                                                                                                                                                                                                                                                                                                        NUMBER(7,2)
 COMM                                                                                                                                                                                                                                                                                                                                                                                                                                                                                                                                                                                                                       NUMBER(7,2)
 DEPTNO                                                                                                                                                                                                                                                                                                                                                                                                                                                                                                                                                                                                                     NUMBER(2)

SQL> INSERT INTO EMP (EMPNO,ENAME,JOB,MGR,HIREDATE,SAL,COMM,DEPTNO) VALUES (2151,'KETAKI','ANALYST',7839,'01-JAN-2022',5000,NULL,40);

1 row created.

SQL> ED
Wrote file afiedt.buf

  1* INSERT INTO EMP (EMPNO,ENAME,JOB,MGR,HIREDATE,SAL,COMM,DEPTNO) VALUES (3132,'ANUJ','SALESMAN',7839,'03-SEP-2022',1000,200,40)
SQL> /

1 row created.

SQL> UPDATE EMP
  2  SET SAL=SAL+1000
  3  WHERE DEPTNO=40;

2 rows updated.

SQL> SPOOL OFF;
